team,plays,raw_ppa_over_expected,shrunk_ppa_over_expected,posterior_sd,rank_estimate,rank_low_90,rank_high_90,one_play_swing_in_raw_mean,rank_interval_width
Mississippi State,105,0.4442481675045507,0.06657445492532445,0.048582258892383566,1,1.0,84.0,0.03356672354855879,84.0
Massachusetts,90,0.3623081286680915,0.047556706793641504,0.0491107944005477,2,2.0,104.0,0.03716325234129237,103.0
Memphis,169,0.2086193051077478,0.046107632886785474,0.04650473566144888,3,2.0,101.0,0.03971169533536681,100.0
North Texas,106,0.2930731974217489,0.04427466141251516,0.048547627032938724,4,2.0,104.0,0.03712108851708466,103.0
Oregon State,142,0.2228512292085954,0.04289899757018213,0.04734817556070874,5,2.0,104.0,0.040678130942886165,103.0
Georgia State,104,0.27793798006246007,0.041313709410993694,0.04861696497251422,6,2.0,105.0,0.041865481782946606,104.0
SMU,87,0.3216195324290609,0.040988045764111414,0.049218586619311125,7,2.0,111.0,0.06978231304947058,110.0
Miami,74,0.3457364212501032,0.03820520140445545,0.04969402648524736,8,2.0,110.0,0.04107831514996232,109.0
Louisville,116,0.23406751425667938,0.03815281405976844,0.048205333104072316,9,3.0,107.0,0.04768001155390347,105.0
Boise State,136,0.1772829136502802,0.0329531151852474,0.047541919245650634,10,3.0,110.0,0.03775846896369696,108.0
Utah,80,0.2672008495145074,0.03163731456821566,0.049472887854725735,11,3.0,117.0,0.04563950119265082,115.0
Miami (OH),68,0.2985727797202311,0.030592395233968773,0.049918157274694334,12,3.0,115.0,0.08369033358970844,113.0
BYU,97,0.20809368869253209,0.02914140819908124,0.04886200818241634,13,3.0,116.0,0.030278988000576736,114.0
Georgia,53,0.35066129300046484,0.028651448415232383,0.050492027201368306,14,3.0,116.0,0.09532763798405328,114.0
Nebraska,107,0.17592553802989774,0.026789674336377564,0.04851306913001521,15,3.0,116.0,0.04601139055607913,114.0
Louisiana,75,0.23057959731855437,0.025785748067413558,0.04965696406568454,16,4.0,118.0,0.05979807914639355,115.0
Purdue,118,0.15063867989191299,0.02490732873811862,0.04813773907634227,17,4.0,116.0,0.02672002131594903,113.0
Army,99,0.17266938263754447,0.02460810883182694,0.04879161802229253,18,4.0,120.0,0.03627584504348528,117.0
Cincinnati,103,0.16059816007814712,0.02367619512788646,0.04865174553881803,19,4.0,118.04999999999973,0.029483554341874035,115.04999999999973
Colorado State,120,0.1386465883480193,0.023247897886932784,0.0480704285966976,20,4.0,118.0,0.05008231928079485,115.0
Florida Atlantic,129,0.12649672367786918,0.022518253186936114,0.047770987789287546,21,5.0,117.0,0.04913467579894794,113.0
App State,118,0.13592601644822436,0.02247466572442126,0.04813773907634227,22,4.0,118.0,0.026095244241514055,115.0
UConn,89,0.16849820041731742,0.02190333864566537,0.04914664641098802,23,5.0,121.0,0.044593556823804135,117.0
Middle Tennessee,111,0.12588755240950317,0.019774033223126895,0.048375571846073745,24,5.0,122.0,0.037559954546689846,118.0
Northwestern,54,0.22783127572390227,0.018937427098929784,0.05045315188786292,25,5.0,123.0,0.1126847865549234,119.0
UAB,134,0.0969601910110045,0.01780646547086945,0.04760703092189151,26,5.0,121.0,0.06788575120525314,117.0
Toledo,70,0.16637176470400847,0.01749545342859807,0.049843110390482635,27,5.0,122.0,0.09014255085751406,118.0
Indiana,79,0.14572561347592944,0.0170638891657997,0.049509539330211676,28,5.0,122.04999999999973,0.051199037846756286,118.04999999999973
Illinois,108,0.11112588178816402,0.01705595775391768,0.04847858492076297,29,5.0,123.0,0.04557004295145333,119.0
South Alabama,148,0.07979784795353391,0.015881022909828443,0.04715678137602118,30,7.0,123.0,0.02390644967749963,117.0
Florida,69,0.1469798090876986,0.015258337837467583,0.04988059149125876,31,5.0,123.0,0.05824474107991574,119.0
Coastal Carolina,112,0.09577324632660132,0.015157849233501042,0.04834137980900191,32,6.0,123.0,0.04177335353362624,118.0
USC,166,0.06852397095671843,0.014934457866784734,0.046596231275266416,33,7.0,123.0,0.033838480444403185,117.0
Sam Houston,128,0.08357638621006377,0.014782877919034026,0.047803982908490694,34,6.0,124.0,0.05365094001423499,119.0
UCLA,110,0.09098801773087288,0.014183433878065949,0.04840983653839387,35,6.0,124.0,0.049696124877429665,119.0
Ball State,101,0.09282177761272112,0.013457065912905625,0.04872153119856023,36,6.0,125.0,0.04424727757974059,120.0
Texas State,115,0.08152608066651508,0.013192664954618571,0.04823923707156704,37,6.0,123.0,0.03684523543352824,118.0
Arizona,105,0.08785441343687021,0.013165748595426274,0.048582258892383566,38,6.0,125.0,0.03732659461173122,120.0
Stanford,105,0.08313116794274099,0.012457929143932584,0.048582258892383566,39,6.0,125.0,0.034548690578482893,120.0
Air Force,122,0.06938814745961626,0.011795772357485695,0.04800339968825443,40,7.0,124.0,0.02805541487403237,118.0
Nevada,110,0.0727308896724005,0.011337468276456163,0.04840983653839387,41,7.0,125.0,0.05557830873086784,119.0
Arkansas State,93,0.08036845554813214,0.01085334761126868,0.04900370731174104,42,6.0,125.0,0.06273625264665364,120.0
Virginia,97,0.07230063363346337,0.010124969627877959,0.04886200818241634,43,7.0,126.0,0.035804943905621174,120.0
New Mexico State,177,0.0429053058742531,0.009828694561311312,0.04626335788298526,44,7.0,124.0,0.024448025059704045,118.0
Kennesaw State,100,0.06528411088999381,0.009384485364976254,0.04875653682966486,45,7.0,126.0,0.045224112043430846,120.0
Missouri,116,0.0573039283566657,0.00934049361966841,0.048205333104072316,46,7.0,125.0,0.043104868683611984,119.0
Notre Dame,88,0.07115097111166614,0.009158478568040578,0.049182577054622215,47,8.0,127.0,0.04251232142093011,120.0
Alabama,99,0.05991892902095681,0.00853939189398371,0.04879161802229253,48,7.94999999999996,124.0,0.07352636577181776,117.05000000000004
Ohio,121,0.04935998776536992,0.008333880109968132,0.04803687906887658,49,7.0,125.0,0.03119624582973677,119.0
Ole Miss,122,0.04677649917811361,0.007951861466056157,0.04800339968825443,50,8.0,127.0,0.046182525479972925,120.0
Wake Forest,101,0.05179189840008101,0.00750865808056754,0.04872153119856023,51,8.0,126.0,0.05678647753981388,119.0
Colorado,112,0.04723750071991988,0.007476189244313691,0.04834137980900191,52,7.0,127.0,0.048161061574177225,121.0
Charlotte,112,0.04596320982149736,0.007274509651538457,0.04834137980900191,53,8.0,127.0,0.047277508341010535,120.0
North Carolina,84,0.051848518631978105,0.0064080210179886425,0.04932709174053553,54,7.0,129.0,0.03279479678884046,123.0
Houston,98,0.044652076105964805,0.0063084269791894455,0.0488267750486743,55,7.0,128.0,0.047558994792937744,122.0
Arizona State,96,0.04511555227372594,0.006261881586730027,0.04889731769850883,56,8.0,127.0,0.11291411015091106,120.0
Virginia Tech,83,0.05063081414231299,0.006192139766321838,0.04936341989774839,57,9.0,128.0,0.057133904310466846,120.0
Akron,93,0.04474834768673036,0.006043034784749984,0.04900370731174104,58,8.0,128.0,0.04448925946434475,121.0
San José State,180,0.024834854353074937,0.005763187200001919,0.0461738054163855,59,10.0,126.0,0.026254193895371293,117.0
Jacksonville State,132,0.027910428248109142,0.005063046654688188,0.047672410856732024,60,9.0,126.0,0.053768750291357935,118.0
Temple,96,0.03292705136707479,0.0045701600949009345,0.04889731769850883,61,8.0,128.0,0.04051194014836139,121.0
Navy,113,0.027394845457583816,0.0043682690383356915,0.04830726017077575,62,9.0,129.0,0.04320448654172941,121.0
Western Michigan,100,0.02739905465562199,0.003938569797835435,0.04875653682966486,63,9.0,127.0,0.038257291666308785,119.0
Fresno State,63,0.03459137349547266,0.0033086213375865814,0.05010726766869863,64,7.0,129.0,0.08791935852484839,123.0
South Florida,109,0.01989576369611315,0.0030775668306365247,0.04844417414363797,65,9.0,127.04999999999973,0.05036069736232804,119.04999999999973
Tulane,101,0.021198578583173318,0.0030733161612558567,0.04872153119856023,66,9.94999999999996,128.0,0.06554632299293518,119.05000000000004
Missouri State,65,0.027095329020177864,0.0026658135596396956,0.050031365923009406,67,8.0,129.0,0.08385135230574749,122.0
Duke,124,0.012027482081007002,0.0020723783148220943,0.04793665039337106,68,10.0,129.0,0.03135968556599495,120.0
Tennessee,112,0.007915482179146819,0.0012527682842953447,0.04834137980900191,69,9.0,128.0,0.03495401023005296,120.0
East Carolina,87,0.005778387357611445,0.0007364130022444493,0.049218586619311125,70,10.0,129.0,0.08853729107382514,120.0
Southern Miss,97,0.0005849007908584113,8.190941690478141e-05,0.04886200818241634,71,10.0,129.0,0.07596717839679086,120.0
UTSA,113,-0.0032770498395105103,-0.0005225448478320883,0.04830726017077575,72,10.0,130.0,0.032227092076801175,121.0
Kansas,106,-0.004399989405539412,-0.0006647078029062191,0.048547627032938724,73,10.94999999999996,130.0,0.02729512960115123,120.05000000000004
Boston College,127,-0.004668367818560251,-0.0008204172265756399,0.04783704649083401,74,11.0,129.0,0.0499372526978195,119.0
Pittsburgh,118,-0.014081505768483741,-0.0023283043475619786,0.04813773907634227,75,11.0,130.0,0.041612663672056224,120.0
Ohio State,106,-0.01831030439528157,-0.0027661435252114225,0.048547627032938724,76,10.0,130.0,0.04507653493840218,121.0
Kansas State,98,-0.02066457802501333,-0.00291948309899851,0.0488267750486743,77,11.0,130.0,0.10345350217254393,120.0
Syracuse,121,-0.017339862908426214,-0.0029276412970161195,0.04803687906887658,78,10.0,130.0,0.0606478913515732,121.0
Florida International,153,-0.016526750590530128,-0.003377491572076924,0.046999046954825964,79,12.0,129.0,0.03731890953364481,118.0
Penn State,97,-0.028848062678229175,-0.00403987826608759,0.04886200818241634,80,11.0,130.0,0.052137500072142164,120.0
Baylor,141,-0.02323185413192849,-0.004446680195207989,0.047380301723339416,81,12.0,129.0,0.029709581567216713,118.0
NC State,69,-0.04381723886202904,-0.004548776038094671,0.04988059149125876,82,10.0,132.0,0.0620963406218514,123.0
UTEP,71,-0.05527584826445119,-0.005886936709531148,0.04980571365468357,83,10.0,132.0,0.1592392285457085,123.0
UCF,85,-0.04767780035702095,-0.005953946214478273,0.04929084367069366,84,11.0,131.0,0.05675338284203931,121.0
Delaware,117,-0.038275055825742095,-0.006283755972850764,0.04817150052238309,85,12.0,130.0,0.03678017476881651,119.0
North Dakota State,160,-0.0301978755529576,-0.006393960363752502,0.0467808543950495,86,13.0,131.0,0.07596259803866902,119.0
Rice,98,-0.04857338872162066,-0.006862428415533294,0.0488267750486743,87,10.0,131.0,0.03978639346812827,122.0
Texas,121,-0.04320671794740919,-0.007294969541535056,0.04803687906887658,88,13.0,131.0,0.03763771121321203,119.0
Kentucky,105,-0.04933080142261121,-0.007392650000534035,0.048582258892383566,89,13.0,131.0,0.07536831189580974,119.0
Tulsa,125,-0.045786105657443434,-0.007941696787917228,0.04790337999445364,90,15.0,132.0,0.053556699006927236,118.0
New Mexico,93,-0.06086247986636512,-0.008219165666035427,0.04900370731174104,91,12.0,132.0,0.05490463788791297,121.0
James Madison,79,-0.07742192829280077,-0.00906579956590173,0.049509539330211676,92,12.0,133.0,0.06333850316112376,122.0
Iowa State,96,-0.06575828295457196,-0.009127020737991078,0.04889731769850883,93,13.0,132.0,0.03166285180324271,120.0
South Carolina,98,-0.06630858949171259,-0.009368050298687878,0.0488267750486743,94,13.0,133.0,0.053112498338446244,121.0
Florida State,128,-0.05524059929051939,-0.009770882333121192,0.047803982908490694,95,16.0,131.04999999999973,0.036425228126635456,116.04999999999973
Maryland,113,-0.06560031220473085,-0.010460355147933545,0.04830726017077575,96,14.0,132.0,0.052772976682701374,119.0
Western Kentucky,87,-0.09108392639578536,-0.011607977025801023,0.049218586619311125,97,13.0,133.0,0.048646381737110445,121.0
Kent State,103,-0.08015901945862261,-0.011817449122946968,0.04865174553881803,98,15.0,133.0,0.0373369992521628,119.0
Wyoming,109,-0.07745957226561899,-0.011981797429898773,0.04844417414363797,99,14.0,133.0,0.033012036097516365,120.0
Marshall,91,-0.09093818710271011,-0.012051634034815803,0.04907502073690822,100,14.0,133.0,0.06421376752873062,120.0
Georgia Tech,123,-0.0741931392196001,-0.012698294219813002,0.047969990210725316,101,16.0,132.0,0.07948774135061884,117.0
Minnesota,94,-0.09461266701802551,-0.012895616245243161,0.04896816698468018,102,14.0,133.0,0.04844224575872703,120.0
Louisiana Tech,65,-0.13300080396567918,-0.013085478548374576,0.050031365923009406,103,14.0,133.0,0.04712968104712648,120.0
Wisconsin,97,-0.09481461964267228,-0.013277824770218017,0.04886200818241634,104,16.0,133.0,0.08876865597726874,118.0
Oklahoma,93,-0.09861085336644608,-0.013316889848516663,0.04900370731174104,105,14.0,134.0,0.036996914112615686,121.0
Michigan State,144,-0.07281146564780965,-0.01417523058335531,0.04728411879730058,106,17.0,133.0,0.034897797537380655,117.0
UL Monroe,89,-0.10929064908318017,-0.014206858540593925,0.04914664641098802,107,15.0,134.0,0.04141595835277324,120.0
West Virginia,98,-0.1085061849767264,-0.015329709263499679,0.0488267750486743,108,16.0,133.0,0.05747180293498359,118.0
Georgia Southern,123,-0.10020808739695296,-0.017150801143552184,0.047969990210725316,109,17.0,134.0,0.037416675828080406,118.0
Washington State,92,-0.1320164355769022,-0.01766208892923102,0.049039325135134725,110,16.0,134.0,0.030469437046035233,119.0
Troy,132,-0.10417989003835088,-0.018898586544625673,0.047672410856732024,111,18.0,134.0,0.04238304036605665,117.0
Rutgers,113,-0.11919906520411015,-0.01900699117780663,0.04830726017077575,112,19.0,134.0,0.04269232683181996,116.0
Bowling Green,88,-0.1523535570406172,-0.01961079048002562,0.049182577054622215,113,18.0,135.0,0.05379055768898067,118.0
California,141,-0.10281089761836096,-0.01967846301440135,0.047380301723339416,114,19.0,134.0,0.026544136659796592,116.0
Michigan,101,-0.13839423850759935,-0.02006404571708945,0.04872153119856023,115,19.94999999999996,134.0,0.054465209208800734,115.05000000000004
Liberty,129,-0.12206620327368371,-0.021729556236449094,0.047770987789287546,116,21.0,134.0,0.04531648315208131,114.0
Utah State,142,-0.11979984811758311,-0.023061543844992007,0.04734817556070874,117,20.0,134.0,0.04459747867326262,115.0
Old Dominion,76,-0.20910450139064177,-0.023660694556306427,0.04961998444745354,118,19.0,135.0,0.05072569046967267,117.0
Texas A&M,119,-0.14717390658874352,-0.024506331519968207,0.048104048517018334,119,22.0,135.0,0.02731792128133835,114.0
San Diego State,94,-0.18667328614079706,-0.02544339079725506,0.04896816698468018,120,20.0,135.0,0.03529001567750106,116.0
UNLV,184,-0.10980937556951843,-0.025915046436640835,0.046055207102179474,121,25.0,135.0,0.029701887798078187,111.0
Iowa,111,-0.16536721795793463,-0.02597537881489082,0.048375571846073745,122,24.0,135.0,0.04471767851681171,112.0
Oregon,121,-0.16587239894648592,-0.02800569345648536,0.04803687906887658,123,23.0,136.0,0.04559192831983159,114.0
Vanderbilt,126,-0.16079755369165355,-0.028074843783981857,0.04787017877340785,124,28.0,135.0,0.036286064893998396,108.0
TCU,110,-0.1841573470469776,-0.028706895920368927,0.04840983653839387,125,26.0,136.0,0.04564514843231109,111.0
Auburn,134,-0.1593510816692436,-0.029264376481756768,0.04760703092189151,126,24.0,136.0,0.032491991584919964,113.0
Northern Illinois,87,-0.24481215274374493,-0.03119950969546452,0.049218586619311125,127,27.0,136.0,0.09033457783750404,110.0
Buffalo,144,-0.17251335450246835,-0.03358559750203532,0.04728411879730058,128,28.0,136.0,0.029095377643287165,109.0
Eastern Michigan,181,-0.14571846782297546,-0.033959573913885814,0.04614406996075944,129,30.0,136.0,0.04818979025327725,107.0
Sacramento State,134,-0.18660781742852395,-0.03426999908919526,0.04760703092189151,130,28.0,136.0,0.026243420945918444,109.0
Oklahoma State,166,-0.15807371615576274,-0.03445137841275191,0.046596231275266416,131,31.0,136.0,0.06905589426332141,106.0
LSU,119,-0.21916247978428963,-0.03649334661843459,0.048104048517018334,132,29.0,136.0,0.10053350852523656,108.0
Hawai'i,221,-0.13558562913683478,-0.03669143099850671,0.044999814570087976,133,33.0,136.0,0.02060197831617894,104.0
Texas Tech,130,-0.2055995679697089,-0.03683259906300769,0.047738060897278146,134,31.0,136.0,0.03224075631782173,106.0
Arkansas,128,-0.24379534186086405,-0.04312218964457148,0.047803982908490694,135,34.0,137.0,0.0346026727298341,104.0
Central Michigan,85,-0.346204511522813,-0.04323360191496358,0.04929084367069366,136,34.0,137.0,0.06641895789324381,104.0
Washington,132,-0.2946122524747686,-0.05344366507251939,0.047672410856732024,137,41.0,138.0,0.04140733355926207,98.0
Clemson,99,-0.4969280543205336,-0.07082008087083297,0.04879161802229253,138,60.94999999999996,138.0,0.07359658948934611,78.05000000000004
