source,dataset,season,url,params,local_path,downloaded_at_utc,bytes,sha256,remote_updated_at,required,notes
cfbd,calendar,2026,https://api.collegefootballdata.com/calendar,"{""year"": 2026}",data/raw/cfbd/calendar/year-2026.json,2026-09-16T18:09:16+00:00,3386,94f31795379709068f63b4e3740eea11d2f13c4d5f6b8223b9764bdd3146e00a,,False,records=16
cfbd,coaches,,https://api.collegefootballdata.com/coaches,"{""maxYear"": 2026, ""minYear"": 2021, ""team"": ""Auburn""}",data/raw/cfbd/coaches/maxYear-2026_minYear-2021_team-Auburn.json,2026-09-16T18:19:11+00:00,2321,43792dc57042500501369d0ab67dcd2640658e3607a94f1bb4bfc2dec4412b20,,False,records=5
cfbd,coaches,,https://api.collegefootballdata.com/coaches,"{""maxYear"": 2026, ""minYear"": 2021, ""team"": ""Florida""}",data/raw/cfbd/coaches/maxYear-2026_minYear-2021_team-Florida.json,2026-09-16T18:19:11+00:00,2310,f80c7ecb5819b2049f77977883f730283b73f3847155334c0bef496763cef4fa,,False,records=5
cfbd,drives,2026,https://api.collegefootballdata.com/drives,"{""team"": ""Auburn"", ""year"": 2026}",data/raw/cfbd/drives/team-Auburn_year-2026.json,2026-09-16T18:09:11+00:00,25873,224cc5238536e23cbe4ca57632d10174d4effc5ebdf2738dde28658a24c9f3a6,,False,records=48
cfbd,drives,2026,https://api.collegefootballdata.com/drives,"{""team"": ""Florida"", ""year"": 2026}",data/raw/cfbd/drives/team-Florida_year-2026.json,2026-09-16T18:09:14+00:00,26536,f93d8070c405448994ff559353a92954c63741de831b65c448db798ab832bdb3,,False,records=48
cfbd,game_box_advanced,401856636,https://api.collegefootballdata.com/game/box/advanced,"{""id"": 401856636}",data/raw/cfbd/game_box_advanced/id-401856636.json,2026-09-16T18:09:17+00:00,12487,0e82a8fd86e898a6f1925a1bddee49bd3bc58e1ee713919027d4d87d71c3f988,,True,records=1
cfbd,game_box_advanced,401856637,https://api.collegefootballdata.com/game/box/advanced,"{""id"": 401856637}",data/raw/cfbd/game_box_advanced/id-401856637.json,2026-09-16T18:09:17+00:00,11983,26cfebeb678732cea625203640406359a00de350e3461ad9b207dcdefc0ad1a2,,True,records=1
cfbd,game_box_advanced,401856671,https://api.collegefootballdata.com/game/box/advanced,"{""id"": 401856671}",data/raw/cfbd/game_box_advanced/id-401856671.json,2026-09-16T18:09:18+00:00,13847,1addd2e699b16a8af1c6ec4d11c9c5b8ae4043f3962c079b9a0e20b0df261937,,True,records=1
cfbd,game_box_advanced,401856672,https://api.collegefootballdata.com/game/box/advanced,"{""id"": 401856672}",data/raw/cfbd/game_box_advanced/id-401856672.json,2026-09-16T18:09:18+00:00,13112,9ffd3de5982420682d33ea31658f790c9b3f9d5f2050a132678d50c49325ce8e,,True,records=1
cfbd,games,2021,https://api.collegefootballdata.com/games,"{""seasonType"": ""both"", ""year"": 2021}",data/raw/cfbd/games/seasonType-both_year-2021.json,2026-09-16T18:08:52+00:00,1877193,510835b3ae65558ce20514513287442b525134ab5f7848a6d115d2a29c3ec2bc,,True,records=2454
cfbd,games,2022,https://api.collegefootballdata.com/games,"{""seasonType"": ""both"", ""year"": 2022}",data/raw/cfbd/games/seasonType-both_year-2022.json,2026-09-16T18:08:54+00:00,2840903,dd6d82a92bcb4c7c0ce105ce2ec77805b13fc2942c19a0e254e5f8f3614e6ecd,,True,records=3705
cfbd,games,2023,https://api.collegefootballdata.com/games,"{""seasonType"": ""both"", ""year"": 2023}",data/raw/cfbd/games/seasonType-both_year-2023.json,2026-09-16T18:08:56+00:00,2866478,64dde3632aba93da53f3026cd87e5bc8d3bd5b98134fcaeda657413ee160ff43,,True,records=3734
cfbd,games,2024,https://api.collegefootballdata.com/games,"{""seasonType"": ""both"", ""year"": 2024}",data/raw/cfbd/games/seasonType-both_year-2024.json,2026-09-16T18:09:00+00:00,2921690,d388d24522cb631e0d80cb08fefa44e9fca530285fe9905cb986a12cf5ed7799,,True,records=3801
cfbd,games,2025,https://api.collegefootballdata.com/games,"{""seasonType"": ""both"", ""year"": 2025}",data/raw/cfbd/games/seasonType-both_year-2025.json,2026-09-16T18:09:04+00:00,2946710,73641f9e47908a06e110fa79abab56baf7afccbfde580a14f7078a4ec4420736,,True,records=3831
cfbd,games,2026,https://api.collegefootballdata.com/games,"{""seasonType"": ""both"", ""year"": 2026}",data/raw/cfbd/games/seasonType-both_year-2026.json,2026-09-16T18:09:08+00:00,2751971,b7b13393e1bbbe32ddb783b0cbc3b0c0f62f3c40e0c41eaf60752616e3a0e419,,True,records=3679
cfbd,games_teams,2026,https://api.collegefootballdata.com/games/teams,"{""team"": ""Auburn"", ""year"": 2026}",data/raw/cfbd/games_teams/team-Auburn_year-2026.json,2026-09-16T18:09:09+00:00,5489,aacd09791f1ec77e1ff472249da35dda647df7940d587b96f22fdcde2d51109f,,True,records=2
cfbd,games_teams,2026,https://api.collegefootballdata.com/games/teams,"{""team"": ""Florida"", ""year"": 2026}",data/raw/cfbd/games_teams/team-Florida_year-2026.json,2026-09-16T18:09:14+00:00,5437,ec4fbda133153389170cfcfc416cfc1830e8e7c630afd3a31b1f932f8da2432b,,True,records=2
cfbd,lines,2021,https://api.collegefootballdata.com/lines,"{""seasonType"": ""both"", ""year"": 2021}",data/raw/cfbd/lines/seasonType-both_year-2021.json,2026-09-16T18:08:53+00:00,911704,52e61d0b7e3329b8b9cd517e9429a81aea4abdd68c295c06120a67b6f823bbf5,,False,records=887
cfbd,lines,2022,https://api.collegefootballdata.com/lines,"{""seasonType"": ""both"", ""year"": 2022}",data/raw/cfbd/lines/seasonType-both_year-2022.json,2026-09-16T18:08:56+00:00,1245383,d596e08fb3c01b77c30c404f2497adfb8474df332de1ab37e6abd933ebb5a125,,False,records=1463
cfbd,lines,2023,https://api.collegefootballdata.com/lines,"{""seasonType"": ""both"", ""year"": 2023}",data/raw/cfbd/lines/seasonType-both_year-2023.json,2026-09-16T18:08:59+00:00,1008222,2465b571df51935b87583648cc5815c5695596a665f1b3a1954597c9f615092a,,False,records=1416
cfbd,lines,2024,https://api.collegefootballdata.com/lines,"{""seasonType"": ""both"", ""year"": 2024}",data/raw/cfbd/lines/seasonType-both_year-2024.json,2026-09-16T18:09:03+00:00,1065171,240c7c4feb56620f3429a495d4ac8a98930e2d991960d98ef7cd3b759ad85eda,,False,records=1573
cfbd,lines,2025,https://api.collegefootballdata.com/lines,"{""seasonType"": ""both"", ""year"": 2025}",data/raw/cfbd/lines/seasonType-both_year-2025.json,2026-09-16T18:09:07+00:00,1106021,fd5ebbfe5681dc43076606c44378979bd1e16428c834ed9c2e901e91d50eefb4,,False,records=1597
cfbd,lines,2026,https://api.collegefootballdata.com/lines,"{""seasonType"": ""both"", ""year"": 2026}",data/raw/cfbd/lines/seasonType-both_year-2026.json,2026-09-16T18:09:09+00:00,497282,e574df295b719dec4a642023e9f52d8ce071defa4127a7949a83d25645813c9b,,False,records=993
cfbd,passing_plays,2026,https://api.collegefootballdata.com/passing/plays,"{""team"": ""Auburn"", ""year"": 2026}",data/raw/cfbd/passing_plays/team-Auburn_year-2026.json,2026-09-16T18:09:12+00:00,144579,c0a65ca0e8315b61a15b1a06e2790964beff571a8e142329ed099b4e63eaee94,,False,records=156
cfbd,passing_plays,2026,https://api.collegefootballdata.com/passing/plays,"{""team"": ""Florida"", ""year"": 2026}",data/raw/cfbd/passing_plays/team-Florida_year-2026.json,2026-09-16T18:09:15+00:00,104625,e72910ccab95fbc7ba95e0ede699df1f297f53d89f922824eca7eb730e9d2ac1,,False,records=111
cfbd,plays,2026,https://api.collegefootballdata.com/plays,"{""team"": ""Auburn"", ""week"": 1, ""year"": 2026}",data/raw/cfbd/plays/team-Auburn_week-1_year-2026.json,2026-09-16T18:09:12+00:00,139345,c141cf6dad5f0cdb4571fa08bc59af476f5061752d6ff7dc69930f63a3fe0954,,False,records=217
cfbd,plays,2026,https://api.collegefootballdata.com/plays,"{""team"": ""Auburn"", ""week"": 2, ""year"": 2026}",data/raw/cfbd/plays/team-Auburn_week-2_year-2026.json,2026-09-16T18:09:14+00:00,123279,fc1d785d1b224e036e4f43d16a427a0af82588e17c902c464c0e8018fd7f8f6f,,False,records=188
cfbd,plays,2026,https://api.collegefootballdata.com/plays,"{""team"": ""Florida"", ""week"": 1, ""year"": 2026}",data/raw/cfbd/plays/team-Florida_week-1_year-2026.json,2026-09-16T18:09:16+00:00,134717,b7269aadfc0ef1664a2d13229ba29a7c746eb9390e7b0c3dda43b5c270d7bef3,,False,records=198
cfbd,plays,2026,https://api.collegefootballdata.com/plays,"{""team"": ""Florida"", ""week"": 2, ""year"": 2026}",data/raw/cfbd/plays/team-Florida_week-2_year-2026.json,2026-09-16T18:09:16+00:00,107455,beaf7f81ba6efd07eb263a5c54f84de86190ce6f5bba1ad3d8c40243083659a5,,False,records=163
cfbd,ratings_sp,2025,https://api.collegefootballdata.com/ratings/sp,"{""year"": 2025}",data/raw/cfbd/ratings_sp/year-2025.json,2026-09-16T18:09:17+00:00,71174,5162eac2389fa8e741c0ae8daeb213405b671498284e3a8b43d43fa7a7583430,,False,records=137
cfbd,ratings_sp,2026,https://api.collegefootballdata.com/ratings/sp,"{""year"": 2026}",data/raw/cfbd/ratings_sp/year-2026.json,2026-09-16T18:09:17+00:00,72262,79846234dbc92dd7caa983a09abf530c03b9e4e17b63cfc431222386ca5cdad7,,False,records=139
cfbd,returning_production,2026,https://api.collegefootballdata.com/player/returning,"{""year"": 2026}",data/raw/cfbd/returning_production/year-2026.json,2026-09-16T18:19:11+00:00,43892,fedfbe805fb628452fdfe9d5ea97da917a4f591b5320c8af448abcca38751449,,False,records=136
cfbd,rushing_plays,2026,https://api.collegefootballdata.com/rushing/plays,"{""team"": ""Auburn"", ""year"": 2026}",data/raw/cfbd/rushing_plays/team-Auburn_year-2026.json,2026-09-16T18:09:12+00:00,125000,1120e18460083716133e7a3d52bd1d6697edd9424bd3c6c51eec0ce0aad54d19,,False,records=160
cfbd,rushing_plays,2026,https://api.collegefootballdata.com/rushing/plays,"{""team"": ""Florida"", ""year"": 2026}",data/raw/cfbd/rushing_plays/team-Florida_year-2026.json,2026-09-16T18:09:16+00:00,85622,38f268e33b5ae11859b6a9601a11d3949d8f8f702a08ed50ccfc71f0ec5bbfde,,False,records=108
cfbd,stats_game_advanced,2026,https://api.collegefootballdata.com/stats/game/advanced,"{""team"": ""Auburn"", ""year"": 2026}",data/raw/cfbd/stats_game_advanced/team-Auburn_year-2026.json,2026-09-16T18:09:10+00:00,3779,b0f3211c6f9d721c5d0595f4a6dbf800ca7ae5a5bb6d8006a503e50501085473,,True,records=2
cfbd,stats_game_advanced,2026,https://api.collegefootballdata.com/stats/game/advanced,"{""team"": ""Florida"", ""year"": 2026}",data/raw/cfbd/stats_game_advanced/team-Florida_year-2026.json,2026-09-16T18:09:14+00:00,3655,21692e44101f1979bea006a051ace7552ae45ba4e27c071c486fc5473a016b1e,,True,records=2
cfbd,teams_fbs,2021,https://api.collegefootballdata.com/teams/fbs,"{""year"": 2021}",data/raw/cfbd/teams_fbs/year-2021.json,2026-09-16T18:08:52+00:00,191478,06e0d939376a28480790fa63ab67e45517821571b455d92a512ad8d6e78d0c56,,True,records=130
cfbd,teams_fbs,2022,https://api.collegefootballdata.com/teams/fbs,"{""year"": 2022}",data/raw/cfbd/teams_fbs/year-2022.json,2026-09-16T18:08:54+00:00,192877,4532ab5ca19a618923d71cc944b0846673a09d8cf12dc0191e9b83946793358f,,True,records=131
cfbd,teams_fbs,2023,https://api.collegefootballdata.com/teams/fbs,"{""year"": 2023}",data/raw/cfbd/teams_fbs/year-2023.json,2026-09-16T18:08:57+00:00,195708,a151e6d8809104c82bc8a9881bf7f0d5aaf1594c0e45a6cf24028295ad1e9a23,,True,records=133
cfbd,teams_fbs,2024,https://api.collegefootballdata.com/teams/fbs,"{""year"": 2024}",data/raw/cfbd/teams_fbs/year-2024.json,2026-09-16T18:09:00+00:00,197094,edf95b175f64557ed6108762fa9d4877e2dc621898ffd91fbaa5a69eff27683b,,True,records=134
cfbd,teams_fbs,2025,https://api.collegefootballdata.com/teams/fbs,"{""year"": 2025}",data/raw/cfbd/teams_fbs/year-2025.json,2026-09-16T18:09:04+00:00,200039,d3cf6f4c2b82bad3b3dd7198aab64524b71eeea7800fec4a828038dcb60767ce,,True,records=136
cfbd,teams_fbs,2026,https://api.collegefootballdata.com/teams/fbs,"{""year"": 2026}",data/raw/cfbd/teams_fbs/year-2026.json,2026-09-16T18:09:08+00:00,202966,15611e4d36965423f96b01f58fbe1ea9de04f88c2909a490ddbfcab4511ea2c2,,True,records=138
cfbd,transfer_portal,2026,https://api.collegefootballdata.com/player/portal,"{""year"": 2026}",data/raw/cfbd/transfer_portal/year-2026.json,2026-09-16T18:19:12+00:00,953733,2fb5d9c1fbb0cb6a35d9c5d5ffb3ce6cc1a34af812f453474cc710bea7aa6bcb,,False,records=4471
official,auburn_boxscore_page,2026,https://auburntigers.com/boxscore/30648,,data/raw/official/auburn/boxscore_30648.html,2026-09-16T18:09:19+00:00,350560,3b650e64dabd232fb982ec988e8b3ba8ec09d51f331f212357487667ace4cf01,,True,
official,auburn_boxscore_page,2026,https://auburntigers.com/boxscore/30649,,data/raw/official/auburn/boxscore_30649.html,2026-09-16T18:09:19+00:00,350917,d518f8a4c11a4c149b5a0c8e0f8a4e3594b311ac7e4bb0a8f443f8c76d5e63a3,,True,
official,auburn_schedule,2026,https://auburntigers.com/sports/football/schedule?print=true,,data/raw/official/auburn/schedule_2026.html,2026-09-16T18:09:19+00:00,495482,ec723ea59957e3d1a1115f7f9be33e1d01362c5d2f3bbe36271d9f3077414d16,,True,
official,auburn_wmt_game,2026,https://api.wmt.games/api/statistics/games/6593077,,data/raw/official/auburn/wmt_game_6593077.json,2026-09-16T18:09:19+00:00,23795,564ac2ea2bbd6c3db1578a24db707294fefda180b88dbd37e52be1b84b0df615,,True,boxscore_id=30649
official,auburn_wmt_game,2026,https://api.wmt.games/api/statistics/games/6594109,,data/raw/official/auburn/wmt_game_6594109.json,2026-09-16T18:09:19+00:00,25108,611d2bc0a6f870d4527dd35c856ef9a610b47d7b4ecffdcf425619675a2c0725,,True,boxscore_id=30648
official,florida_boxscore_page,2026,https://floridagators.com/sports/football/stats/2026/florida-atlantic/boxscore/27903,,data/raw/official/florida/boxscore_27903_florida-atlantic.html,2026-09-16T18:09:21+00:00,2243134,c3165e77f859cd30c7424608b3fe3fca3899b919a30300e0bfba7f58274141ce,,True,opponent=florida-atlantic
official,florida_boxscore_page,2026,https://floridagators.com/sports/football/stats/2026/campbell/boxscore/27904,,data/raw/official/florida/boxscore_27904_campbell.html,2026-09-16T18:09:21+00:00,2235804,ba0514b9ed948e05d75330a638e9f931258084ddbf005f1102b66e628de3e298,,True,opponent=campbell
official,florida_schedule,2026,https://floridagators.com/sports/football/schedule/2026?print=true,,data/raw/official/florida/schedule_2026.html,2026-09-16T18:09:20+00:00,1014954,2f9fef47d163777c87a4fbf94e78c1b9b3dd5c875ce68cf6e375d8ea5d9d4a8f,,True,
sportsdataverse,cfbfastR_cfb_pbp,2021,https://github.com/sportsdataverse/sportsdataverse-data/releases/download/cfbfastR_cfb_pbp/play_by_play_2021.parquet,,data/raw/sportsdataverse/cfbfastR_cfb_pbp/play_by_play_2021.parquet,2026-09-16T18:10:12+00:00,73675845,d3717713352f1167cdc9c0d7f558f33525f6b2fb16a27189e6bd2327c99eb07e,,True,
sportsdataverse,cfbfastR_cfb_pbp,2022,https://github.com/sportsdataverse/sportsdataverse-data/releases/download/cfbfastR_cfb_pbp/play_by_play_2022.parquet,,data/raw/sportsdataverse/cfbfastR_cfb_pbp/play_by_play_2022.parquet,2026-09-16T18:10:17+00:00,108827884,c1b3041e55fb3896d4ef9de7a68522415c326c7efcbf7a2c6b704461f3a7bb87,,True,
sportsdataverse,cfbfastR_cfb_pbp,2023,https://github.com/sportsdataverse/sportsdataverse-data/releases/download/cfbfastR_cfb_pbp/play_by_play_2023.parquet,,data/raw/sportsdataverse/cfbfastR_cfb_pbp/play_by_play_2023.parquet,2026-09-16T18:10:21+00:00,110666583,167889e635679d2a745a0f73690bf51afcb28236d3bbaed32aeabb154b726be9,,True,
sportsdataverse,cfbfastR_cfb_pbp,2024,https://github.com/sportsdataverse/sportsdataverse-data/releases/download/cfbfastR_cfb_pbp/play_by_play_2024.parquet,,data/raw/sportsdataverse/cfbfastR_cfb_pbp/play_by_play_2024.parquet,2026-09-16T18:10:25+00:00,120791523,60489da0c61c56b86698ee14be65cb521010f707e9a2f4ded8d561e9ef592bd4,,True,
sportsdataverse,cfbfastR_cfb_pbp,2025,https://github.com/sportsdataverse/sportsdataverse-data/releases/download/cfbfastR_cfb_pbp/play_by_play_2025.parquet,,data/raw/sportsdataverse/cfbfastR_cfb_pbp/play_by_play_2025.parquet,2026-09-16T18:10:31+00:00,131185522,2290311f156083730b6b9d9e6662d121dc86953d71e11aafc9da4c0753819369,,True,
sportsdataverse,cfbfastR_cfb_pbp,2026,https://github.com/sportsdataverse/sportsdataverse-data/releases/download/cfbfastR_cfb_pbp/play_by_play_2026.parquet,,data/raw/sportsdataverse/cfbfastR_cfb_pbp/play_by_play_2026.parquet,2026-09-16T18:10:32+00:00,26840989,5de2af139bc60f6f604ff0e7e0ecfcf883539664053bd6d0fdd0ce292e6f9171,,True,
sportsdataverse,data_dictionary,,https://raw.githubusercontent.com/sportsdataverse/cfbfastR-cfb-data/main/DATASETS.md,,data/raw/sportsdataverse/reference/cfbfastR_DATASETS.md,2026-09-16T18:10:32+00:00,128706,8a3cd5ed3f608ccb0d75230349136bb00bad9bf70871c14e4456b6eb7ed85b3a,,False,
